<?xml version="1.0" encoding="utf-8"?>
<LanguageData>
  <!-- ===== medieval wash pan ===== -->
  <sd_medicaddons_medieval_surg_washpan.label>medieval wash pan</sd_medicaddons_medieval_surg_washpan.label>
  <sd_medicaddons_medieval_surg_washpan.description>The most simple device to keep your doctors hands clean. Needs to be placed adjacent to a bed. One bed can be linked to only one of the same kind, but multiple beds can use the same one.</sd_medicaddons_medieval_surg_washpan.description>
  <!-- ===== medieval surgery instruments ====== -->
  <sd_medicaddons_medieval_surg_instruments.label>medieval surgery instruments</sd_medicaddons_medieval_surg_instruments.label>
  <sd_medicaddons_medieval_surg_instruments.description>The fear of an operation with these instruments will speed up the recovery of your colonists. Needs to be placed adjacent to a bed. One bed can be linked to only one of the same kind, but multiple beds can use the same one.</sd_medicaddons_medieval_surg_instruments.description>
  <!-- ===== medieval surgery lamp ===== -->
  <sd_medicaddons_medieval_surg_lamp.label>medieval surgery lamp</sd_medicaddons_medieval_surg_lamp.label>
  <sd_medicaddons_medieval_surg_lamp.description>Let there be light and the doctor suddenly realized he was amputating the healthy leg. Needs to be placed adjacent to a bed. One bed can be linked to only one of the same kind, but multiple beds can use the same one.</sd_medicaddons_medieval_surg_lamp.description>
  <!-- ===== industrial surgery instruments ===== -->
  <sd_medicaddons_industrial_surg_instruments.label>industrial surgery instruments</sd_medicaddons_industrial_surg_instruments.label>
  <sd_medicaddons_industrial_surg_instruments.description>These instruments still look scary, but will not affect your treatment chances. Needs to be placed adjacent to a bed. One bed can be linked to only one of the same kind, but multiple beds can use the same one.</sd_medicaddons_industrial_surg_instruments.description>
  <!-- ===== industrial surgery lamp ===== -->
  <sd_medicaddons_industrial_surg_lamp.label>industrial surgery lamp</sd_medicaddons_industrial_surg_lamp.label>
  <sd_medicaddons_industrial_surg_lamp.description>Shining a light on things gets a whole new meaning if you are standing over an open body during an operation. Needs to be placed adjacent to a bed. One bed can be linked to only one of the same kind, but multiple beds can use the same one.</sd_medicaddons_industrial_surg_lamp.description>
  <!-- ===== space vitalsmonitor ===== -->
  <sd_medicaddons_space_surg_vitalsmonitor.label>space vitalsmonitor</sd_medicaddons_space_surg_vitalsmonitor.label>
  <sd_medicaddons_space_surg_vitalsmonitor.description>New and improved: Not much like the normal vitalsmonitor, since this baby comes with a set of new functions to monitor the patients. Needs to be placed adjacent to a bed. One bed can be linked to only one of the same kind, but multiple beds can use the same one.</sd_medicaddons_space_surg_vitalsmonitor.description>
  <!-- ===== space surgery instruments ===== -->
  <sd_medicaddons_space_surg_instruments.label>space surgery instruments</sd_medicaddons_space_surg_instruments.label>
  <sd_medicaddons_space_surg_instruments.description>If i use the plasma cutter here this should work. Sounds not very convincing, but the patient will feel no pain. Atleast thats what the advertisment says. Needs to be placed adjacent to a bed. One bed can be linked to only one of the same kind, but multiple beds can use the same one.</sd_medicaddons_space_surg_instruments.description>
  <!-- ===== space surgery lamp ===== -->
  <sd_medicaddons_space_surg_lamp.label>space surgery lamp</sd_medicaddons_space_surg_lamp.label>
  <sd_medicaddons_space_surg_lamp.description>The newest advacement in surgery technologie, literally a floating ball of light. Needs to be placed adjacent to a bed. One bed can be linked to only one of the same kind, but multiple beds can use the same one.</sd_medicaddons_space_surg_lamp.description>
</LanguageData>