<?xml version="1.0" encoding="utf-8"?>
<LanguageData>
  <sd_medicaddons_research_medieval_med.label>medieval medical care</sd_medicaddons_research_medieval_med.label>
  <sd_medicaddons_research_medieval_med.description>New means to set up your medical area medieval style.</sd_medicaddons_research_medieval_med.description>
  <sd_medicaddons_research_industrial_med.label>industrial medical care</sd_medicaddons_research_industrial_med.label>
  <sd_medicaddons_research_industrial_med.description>Setting up a hospital area in your colony with these instruments will increase your colonists chances of survival. New means to set up your medical area somewhat civilized.</sd_medicaddons_research_industrial_med.description>
  <sd_medicaddons_research_space_med.label>space medical care</sd_medicaddons_research_space_med.label>
  <sd_medicaddons_research_space_med.description>Your latest advancements in technology should be visible in all parts of your colony. New means to set up your medical area like a space ship.</sd_medicaddons_research_space_med.description>
</LanguageData>